WordA,WordB,Sentence,reading_times_alpha,reading_times_nonalpha
ability,age,"They questioned his X and Y in the interview, which he thought was unfair.",-26.39090871810913,-21.201466381549835
ability,desire,Maddie had both the X and Y to play college-level soccer.,-16.37616527825594,-17.813263297080994
ability,strength,Lisa had the X and Y to become a professional athlete.,-21.841751217842102,-18.161162048578262
action,character,Riley thought his lack of X and Y was too significant to overlook.,-30.71031904220581,-30.948886394500732
actions,feelings,He was confused because her X and Y were not matching up.,-23.491328477859497,-23.228310465812683
addresses,names,The company collected hundreds of X and Y for a petition they wanted to pass in June.,-29.5817608833313,-21.56611931324005
adventure,romance,The movie had a great balance of X and Y which made it a great success.,-17.758822917938232,-17.77731430530548
Africa,Asia,My colleague wanted to visit X and Y this year for a vacation with her husband.,-23.88035088777542,-23.70244026184082
age,day,Amanda said that in this X and Y you need to be tech-savy.,-24.313645243644714,-10.967270412482321
agencies,individuals,Many different X and Y worked together on this project.,-21.95731472969055,-21.83042013645172
aggression,hostility,"Sasha felt X and Y towards her brother, so she tried to avoid him.",-28.206537127494812,-27.14251697063446
agreements,contracts,Tony had to deal with many X and Y before he officially started working at the company.,-27.205270648002625,-27.175777673721313
aircraft,ships,The new X and Y ended up being extremely expensive.,-33.809749603271484,-29.149452209472656
ammunition,guns,The old man kept X and Y locked away in his basement in case of a zombie invasion.,-30.32458996772766,-24.526922941207886
anger,anxiety,Anne felt X and Y whenever she was stuck in traffic.,-24.731175899505615,-24.320576190948486
anger,fear,The abused dog showed both X and Y when animal control came to pick him up.,-19.629493109881878,-18.427571699023247
anger,hatred,Michelle felt a lot of X and Y towards her brother when he crashed her car.,-17.49248242378235,-18.976669669151306
anger,indignation,Amber felt X and Y after arguing with her sister.,-30.61120569705963,-32.533636689186096
anguish,pain,His injury caused him a lot of X and Y and a long recovery.,-19.848288536071777,-19.24527657032013
anthropology,psychology,He has figured out that X and Y are the subjects he wants to study in college.,-28.80428022146225,-27.4208967089653
apprehension,fear,Charlie felt X and Y before jumping out of the plane to skydive.,-31.02828311920166,-29.874422669410706
Arizona,California,The high school students visited both X and Y to tour colleges before they applied.,-24.201557457447052,-24.860330045223236
arms,hands,Both Chelsea's X and Y are scraped up from falling off her bike.,-30.004689879715443,-27.340512299910188
arms,legs,Sandra broke her X and Y because she got into a bike accident.,-18.160208344459534,-19.264199793338776
arts,crafts,Lilly enjoys doing X and Y to relax when she is stressed.,-20.022569745779037,-27.12259876728058
arts,sciences,"Carol couldn't decide between X and Y when applying for college majors, so she chose an interdisciplinary route.",-24.60557609796524,-29.279206097126007
attractions,repulsions,He experienced both X and Y which made him very confused.,-23.887248493731022,-24.82418727874756
aunt,uncle,"Over the summer, Steve stayed with his X and Y at their vacation home near the beach.
",-14.67575117200613,-16.845982432365417
aunts,uncles,The family reunion had all the X and Y together in one room.,-14.945800941264679,-20.906796519411728
back,shoulders,Anthony got his X and Y adjusted by the chiropractor.,-30.254676342010498,-28.41160762310028
bacon,eggs,"On the days Lilly doesn't have work, she makes X and Y for breakfast and reads the paper.",-14.220906436443329,-18.341626524925232
bar,grill,We went to a X and Y in the city last night.,-24.515965819358826,-26.21705448627472
barley,oats,Susanne prepared X and Y for breakfast everyday for a week.,-33.59402120113373,-33.97941994667053
barrels,boxes,There were a lot of X and Y that needed to be moved before the event could start.,-24.81808665394783,-23.23790729045868
beauty,dignity,The girl had both X and Y but was lacking intelligence.,-28.295716542750597,-26.043451625853777
beauty,truth,I decided that X and Y would be the major themes of the poem I was writing.,-23.654122352600098,-20.652059197425842
beauty,youth,The serum promised X and Y to everyone who used it.,-24.2452529668808,-24.892641067504883
being,existence,The girl questioned her X and Y when she went to her last therapy session.,-35.70856159925461,-28.867052495479584
belly,chest,"Zack said his X and Y were hurting, so his mom took him to the hospital.",-22.969799160957336,-23.419090270996094
black,white,Dalmatians found in colors other than X and Y are highly unusual.,-14.630261853337288,-17.278542160987854
blood,flesh,Although Rhonda was not Nick's X and Y he considered her part of his family.,-27.89818835258484,-19.652651286916807
blood,guts,The film showed X and Y which made them very uncomfortable.,-29.038862228393555,-33.362496972084045
boats,ships,The pier was full of X and Y ready to take off on an adventure.,-20.565043449401855,-19.994757026433945
bodies,faces,Grant wrote a poem about how everyone's X and Y are beautiful and unique.,-18.688168585300446,-17.814656734466553
body,face,"After visiting many stores, Ann finally found a X and Y sunscreen that worked well for her skin.",-37.15510731935501,-31.10986703634262
body,head,"When drawing people, Suzanne struggles with sketching the X and Y because she can never get the proportions right.",-20.768137216567993,-17.676358342170715
body,mind,She talked about the importance of keeping your X and Y super healthy and strong.,-18.63634157180786,-19.62391859292984
bone,flesh,"After a hard fall, you could see the X and Y of the basketball player's leg.",-26.316859006881714,-23.039632201194763
bone,muscle,The doctor studied the X and Y of the patient's injured leg.,-21.787364542484283,-20.311346173286438
bones,skulls,Scientists study the X and Y of long-extinct animal species.,-19.144328966736794,-18.667229518294334
boots,shoes,My suitcase was full of X and Y which made it exceed the weight limit.,-23.849379539489746,-22.718656182289124
boys,girls,The teacher separated the X and Y into two groups.,-8.8403879404068,-13.710090458393097
boys,men,There were a lot of X and Y at the park today.,-22.915947556495667,-21.260545015335083
bread,butter,Brent likes to eat X and Y for breakfast when he doesn't have a lot of time in the morning.,-21.776832699775696,-25.404428228735924
bread,cheese,Xavier brought X and Y to the potluck at the beach.,-25.148829102516174,-26.858482778072357
breakfast,dinner,Molly decided that X and Y are her favorite meals of the day.,-26.346355438232422,-28.53290367126465
bride,groom,I think that the X and Y are very excited about the upcoming wedding.,-20.787806063890457,-26.22397553920746
brother,mother,Last week my X and Y came to visit me in my new apartment.,-16.30651319026947,-15.593672454357147
brother,sister,Paul wants to spend time with his X and Y because he doesn't get to see them very often.,-18.194879591464996,-20.243184566497803
brothers,sisters,When we were younger my X and Y wanted a Beagle puppy.,-26.004675149917603,-29.818147003650665
brush,trees,Amanda loved all the X and Y that surrounded her house.,-33.52974545955658,-22.285092651844025
Burma,India,They talked about visiting X and Y for their upcoming honeymoon.,-25.08298087120056,-26.395013213157654
cakes,pies,Hannah had a real sweet tooth for X and Y so she took up baking as a hobby.,-20.797924637794495,-19.82296586036682
cattle,horses,"On the ranch, there are X and Y roaming around the green pastures.",-17.99305033683777,-18.404253721237183
cause,consequence,Finn didn't want to think about the X and Y of him losing his job.,-29.89904475212097,-31.97385859489441
cause,effect,"Ryan was uncertain about the X and Y of inflation, so he did some research about it online.",-23.59380429983139,-28.22846347093582
ceiling,walls,The painter finished painting the X and Y of all of the bedrooms.,-20.386064529418945,-19.30914968252182
cents,dollars,The boy brought his X and Y to the store to buy an ice cream cone.,-27.05108380317688,-25.18551677465439
chair,table,They noticed that the X and Y were knocked over after the earthquake.,-22.289505928754807,-22.5987206697464
chairs,sofas,The hoarder had many X and Y in their living room.,-17.444342353577667,-15.695643681101501
chairs,table,The event planner fixed the X and Y to accommodate all of the wedding guests.,-24.434496879577637,-23.923715114593506
characters,situations,Cheryl considered the X and Y in the novel she was writing.,-21.709341049194336,-26.676958918571472
charts,maps,Dr. Morganstern took out his X and Y in order to document where he found the last fossil.,-23.71822054684162,-20.88299516029656
chest,stomach,Tom felt pain in both his X and Y so he decided to stay home from school.,-18.331732504069805,-18.242978498339653
child,husband,Rachel lived with her X and Y in a small apartment in New York City.,-17.870696902275085,-11.942647635936737
child,wife,Bill wanted to take his X and Y on a tropical vacation.,-24.502996176481247,-19.728419482707977
childhood,infancy,The students watched a video on X and Y in their human development class.,-37.91970229148865,-35.22026515007019
choice,decision,It was her X and Y to stay home for the summer instead of traveling through South America.,-22.302086114883423,-22.812855124473572
Christmas,Easter,The child decided that X and Y were her favorite holidays.,-20.586776673793793,-21.92546671628952
church,community,Tim has said that his X and Y are very important to him.,-26.128761649131775,-27.453038573265076
city,country,Her love for her X and Y made her want to get into politics.,-18.905601054430008,-21.665390342473984
city,county,The meeting had representatives from both the X and Y to discuss policy changes.,-20.947569251060486,-24.191410213708878
city,state,He liked his X and Y too much to move away.,-21.79015490412712,-22.625999867916107
clarity,precision,Devin tried to achieve X and Y in everything he did.,-23.24603834748268,-25.97226072847843
classmates,friends,We have been X and Y all the way from kindergarten to college.,-25.76969087123871,-24.007890045642853
closets,drawers,Ben needed a lot of X and Y to store all of his clothes.,-21.112870561657473,-22.11077951034531
coat,hat,"Once she stepped through the door, she designated a spot for her X and Y to be safely put away.",-24.732035756111145,-24.91193675994873
coffee,sandwiches,The company had X and Y catered for their employees.,-29.64781490061432,-32.25843167304993
coffee,toast,Every morning Karen has X and Y for breakfast before school.,-18.86513066291809,-20.173894822597504
college,school,Matt said that X and Y are not worth his time.,-30.412670135498047,-28.64418387413025
college,university,Carlos talked about X and Y with his school counselor.,-33.03154945373535,-32.80572485923767
color,light,Rob used a lot of X and Y to make his photographs pop.,-19.592813372612,-19.163014769554138
color,texture,Sarah was known for the X and Y she used in her paintings.,-20.172000646591187,-22.712962985038757
colors,forms,They read a whole chapter on X and Y in her art class.,-34.817087173461914,-38.604941964149475
comfort,ease,"Her parents liked the X and Y of flying, so they flew to their friend's wedding.",-22.90472447872162,-21.645194470882416
comings,goings,The school newspaper reported on the X and Y of the student body.,-11.808317569893916,-16.998542684679705
command,control,The eldest sibling wanted to X and Y all of their younger siblings.,-23.156920433044434,-23.67158317565918
Concord,Lexington,He used to live in both X and Y when he was a teenager.,-20.96820843219757,-18.88775673508644
concrete,steel,The company got a new shipment of X and Y for an upcoming project.,-25.198346853256226,-23.888360023498535
confusion,fear,They felt X and Y about what they would do after graduating.,-22.22135627269745,-21.699917674064636
confusion,turmoil,Hannah felt X and Y after her mom gave her some unfortunate news.,-32.0570387840271,-31.135873556137085
conscience,religion,Bree is reading a book about the relationship between X and Y in her book club.,-22.443419195711613,-24.556026086211205
contemporary,friend,I learned that my professor was a X and Y of a famous poet.,-26.749187886714935,-26.350231871008873
corruption,crime,All of the X and Y in the city made Tony want to move.,-21.657682418823242,-22.120152354240417
costumes,masks,Tammy had to buy X and Y for all of the Halloween parties she was going to attend.,-23.107123017311096,-24.311588644981384
cotton,tobacco,The company has sold X and Y for almost twenty years.,-32.86567497253418,-35.6499719619751
council,governor,She wanted to meet with both the X and Y to discuss some ideas she had.,-23.528608053922653,-18.94871987402439
counties,towns,Fred drove through many X and Y to move to his new house.,-24.57695245742798,-23.706209659576416
courage,hope,It took X and Y to overcome what she had been through.,-27.678244709968567,-25.36558300256729
cousins,uncles,Olivia said her X and Y are her favorite family members.,-24.49425029735903,-21.52858293056488
crannies,nooks,He made sure to dust all of the X and Y throughout the old house.,-19.31583257036982,-6.318928585387766
cream,peaches,We had X and Y for dessert at the diner down the street.,-26.635984301567078,-22.337356328964233
crime,poverty,The study on the link between X and Y was published in the local newspaper.,-14.250325947999954,-12.445445708930492
crime,punishment,The jury needed to consider the X and Y before coming to a final decision.,-23.12911629676819,-27.813794419169426
crime,violence,The frequent X and Y in the neighborhood had people worried.,-19.675770044326782,-19.683685898780823
crops,livestock,All of the X and Y needed a lot of water to survive.,-28.075924038887024,-31.54429578781128
cysts,tumors,Paul had an appointment with his doctor to check for any X and Y that he might have.,-21.880644857883453,-17.940372133394703
dairy,poultry,You will often find X and Y close to each other in the refrigerated aisle of the grocery store.,-29.725883662700653,-29.21690136194229
dark,light,Johanna thought the contrast between X and Y colors in the painting made it interesting to look at.,-16.788527503609657,-16.705379217863083
dates,events,Katrina had many X and Y to attend because she was very popular.,-27.145151913166046,-29.942166090011597
daughter,son,"With the holidays approaching, the X and Y needed to shop for presents for their parents.",-31.440049648284912,-30.34896171092987
day,night,It is harder to tell the difference between X and Y if you can't see.,-18.17856027930975,-19.302686024457216
days,nights,Finn spent many X and Y working on writing his novel.,-17.269845500588417,-20.097430288791656
days,years,It had been X and Y since Molly had seen her cousins.,-27.00135201215744,-26.583351969718933
death,life,It is hard to tell the difference between X and Y when you are in purgatory.,-17.206150949001312,-13.074938669800758
debate,discussion,"During class, there was X and Y surrounding the controversial current event.",-25.33227902650833,-22.83269989490509
democracy,liberty,Jade's brother talked about X and Y while they ate dinner on the fourth of July.,-31.053581476211548,-30.94349491596222
despair,rage,Annie felt a lot of X and Y so she wanted to talk with a therapist.,-27.33905255794525,-24.805806696414948
development,research,"The scientist had a lot of X and Y to do, because he had been sick for a long time.",-19.377755999565125,-15.442565724253654
diagnosis,treatment,Marissa found that her X and Y at the hospital were completely different from what she anticipated.,-20.094553470611572,-22.67668390274048
diamonds,rubies,The pirates followed the treasure map to find that X and Y were hidden in the treasure chest.,-19.067706007510424,-19.642439633607864
dirt,sweat,Mike needed to wash the X and Y out of his soccer uniform.,-13.581243097782135,-13.365562379360199
discussion,thought,A lot of X and Y went into making the decision to buy this house.,-21.03541232086718,-16.76869528926909
distress,pain,The couple's divorce caused a lot of X and Y for the whole family.,-17.795971751213074,-16.281258821487427
dogs,men,Her grandma joked that X and Y had a lot in common.,-25.368650913238525,-25.438235759735107
doorways,windows,Bill wanted to fix the X and Y before moving into the new home.,-26.19864249229431,-21.19946026802063
doubts,fears,"She wanted to be a pop star, but her X and Y got in the way of her dream.",-19.15259400010109,-17.874441415071487
dreams,plans,She had X and Y to become a successful scientist.,-20.864411175251007,-21.187997460365295
ears,eyes,"Cleo said that her X and Y were bothering her, so she stayed home from work.",-23.780602909624577,-24.11945116519928
earth,sky,Talking about the X and Y was one of Randy's favorite things to do.,-27.779753416776657,-26.648211389780045
editing,publishing,The company did the X and Y for many well-known books.,-32.43452978134155,-31.031482696533203
editor,publisher,"In order to finalize all the details, the X and Y wanted to have a meeting with the author of the book.",-25.29992178082466,-25.145838737487793
education,skill,They had the X and Y to be a great professor.,-22.073239028453827,-22.953576982021332
effort,resources,It would take a lot of X and Y to put on this fundraiser.,-17.290912598371506,-18.897085309028625
eggs,ham,All she wanted to eat was X and Y but she didn't have either item in her refrigerator.,-22.012710571289063,-20.321788907051086
elbows,knees,I hurt my X and Y when I fell off my longboard.,-18.723488867282867,-18.361065968871117
ends,odds,"The new restaurant was almost ready for the grand opening, but had a few X and Y to deal with before the big night.",-30.789602113189176,-15.098547869478352
energy,money,Alice said that all of the X and Y that her car needed made her want to sell it.,-29.517138361930847,-31.402551651000977
engineers,scientists,There were a good number of X and Y present at the conference.,-19.711114391684532,-18.903752103447914
English,German,The school held classes in both X and Y so the students could be bilingual.,-13.828304685652256,-14.69869939237833
equipment,personnel,The company had an appropriate amount of X and Y in order to make sure everyone at the event would be safe.,-18.575810603797436,-18.540560707449913
error,trial,They dealt with a lot of X and Y before having a final product.,-37.23504948616028,-21.604312777519226
errors,omissions,Rebecca went over the X and Y that occurred in the paper.,-26.076200461015105,-25.484455108642578
evening,morning,Victor plans on spending tomorrow X and Y reading the new book he bought.,-22.56231188774109,-21.9429931640625
everybody,everything,Noah loved X and Y in his college town.,-26.119797229766846,-24.817272424697876
expense,time,He said that the X and Y of maintaining the property was too much.,-24.102879285812378,-22.62154448032379
eyes,face,The instructions in the lab ask you cover your X and Y when you operate any machinery.,-19.277799606323242,-19.16701853275299
eyes,hair,"In order to make your X and Y stand out, you should choose an appropriate outfit.",-16.06982273235917,-19.52050993591547
face,figure,The model's X and Y was highlighted in the magazine spread.,-28.684993147850037,-33.727506041526794
facts,figures,Lauren needed to get her X and Y straight before her business plan presentation.,-20.794580340385437,-27.470891296863556
faith,life,He wanted to write a book about X and Y using many personal stories.,-37.03234338760376,-35.54243779182434
faith,love,He wrote songs about X and Y that he hoped to record for his next album.,-21.770891666412354,-20.26115071773529
fall,rise,I've gotten particularly ill due to the X and Y of the waves out at sea.,-26.19183123111725,-22.334444098174572
fall,winter,In the months during X and Y students tend to feel a bit sadder due to the cold and gloomy weather.,-24.323788283392787,-29.18660575337708
family,neighborhood,She loved her X and Y so she was sad about leaving for college.,-22.21628773212433,-24.175602436065674
farms,fields,Ron loved spending time at X and Y because he loved being in nature.,-25.184719443321228,-24.797653913497925
father,mother,"Because Stephanie was grounded, her X and Y would not permit her to go out with her friends.",-19.65430235862732,-18.7505202293396
father,son,Eric enjoys going to the movies with his X and Y so much that he decided to make it a weekly tradition for them.,-17.697141110897064,-19.482282996177673
father,uncle,She took her X and Y out to dinner to celebrate their birthdays.,-18.52085506916046,-20.096006155014038
fathers,mothers,The community center had summer camps for X and Y to send their kids to while they worked.,-26.35796481370926,-25.322030179202557
feelings,thoughts,"Whenever Pat was frustrated, her X and Y got muddled and she couldn't make any decisions.",-23.461952179670334,-22.497008800506592
feet,hands,The child's X and Y were numb from playing in the snow.,-21.53418058156967,-19.43207773566246
feet,legs,The soccer player injured their X and Y during a very intense game.,-22.595577001571655,-23.83004641532898
female,male,The dog breeder has X and Y puppies coming up for sale soon.,-24.987026073038578,-23.325612222775817
fiction,poetry,Maddy liked to read X and Y in her spare time.,-15.808188647031784,-17.160881966352463
field,stream,"There was a X and Y near his house, which made him very happy.",-32.35793161392212,-32.57671499252319
figures,words,Hannah used X and Y to explain her findings.,-28.21001696586609,-24.01205003261566
fingers,thumb,Demi broke her X and Y when she fell while roller skating.,-19.26980170607567,-19.4438796043396
fire,light,"According to Mandy, the lack of X and Y ruined the evening's ambiance.",-31.87440413236618,-33.321951389312744
fire,police,Both the X and Y departments put on a barbeque for the community.,-21.099708139896393,-20.93252119421959
flame,smoke,"He noticed the X and Y coming from his neighbor's house, so he called the fire department.",-23.618382543325424,-18.6152725815773
flames,smoke,"Down the street, you could see the X and Y from the house that was on fire.",-15.438645124435425,-14.604569435119629
flesh,skin,Cory explained the difference between X and Y to his little brother.,-28.936959981918335,-28.368001222610474
flowers,herbs,Dan grew X and Y in his own backyard.,-27.552837789058685,-27.30465877056122
flowers,plants,All of the X and Y in the Arboretum made it a popular spot for walks.,-24.870381116867065,-24.11741840839386
fog,mist,All of the X and Y made Terry want to stay inside the house all day.,-39.20510649681091,-39.455111622810364
food,shelter,The stray dog searched for X and Y while running through the streets.,-17.470762252807617,-21.120625972747803
force,violence,They didn't like how he used X and Y to get his way.,-17.417694449424744,-17.201595425605774
forefinger,thumb,The ability to use the X and Y are very important evolutionary traits that differentiate humans from apes.,-21.174581676721573,-13.589609824120998
fork,spoon,Tara needed both a X and Y to properly eat her meal.,-23.766422390937805,-20.182776868343353
forms,materials,Lee didn't have the necessary X and Y to move forward with the task.,-23.963033854961395,-26.41421115398407
freedom,security,Mary searched for X and Y in her next job opportunity.,-27.870677590370178,-28.367246389389038
friends,relations,Ciara had many X and Y so she was rarely lonely.,-22.569208025932312,-23.95529568195343
fruit,nuts,All he had in his kitchen was X and Y so he made a trip to the grocery store.,-23.60683363676071,-25.207649171352386
fruits,vegetables,"Growing up, Paul ate his X and Y everyday in order to be healthy.",-19.55533391982317,-22.323586344718933
fun,games,Sally promised that there would be X and Y at her birthday party.,-15.97619679570198,-22.24334192276001
future,past,Jazmin wanted to talk about the X and Y of the company she was interviewing for.,-23.14192283153534,-18.42306214570999
gas,oil,"Sam had just bought a new car and didn't know the difference between X and Y, so she ruined her car.",-15.695117473602295,-16.34101039171219
gentlemen,ladies,The hostess in the venue lead the X and Y to their respective tables at the wedding banquet.,-19.228824019432068,-17.559229612350464
gin,tonic,"After a long day of work, he had a X and Y to unwind and celebrate the weekend.",-15.772916401736438,-32.169663429260254
glass,steel,The architect wanted the building to have a lot of X and Y to make it look sleek and modern.,-13.016488134860992,-13.56101542711258
god,man,The friends had a discussion about the relationship between X and Y after school last week.,-26.247313976287842,-27.589936211705208
goods,services,The village people would not trade X and Y for money because they don't use currency.,-18.80693256855011,-23.466110229492188
gratitude,joy,David felt X and Y when his kids made him breakfast in bed.,-29.36706519126892,-27.202099323272705
groups,individuals,Differentiating between X and Y became increasingly difficult as the crowd grew larger.,-22.676880300045013,-20.7512708902359
guidance,information,She got a lot of X and Y from her older sister about the college admissions process.,-24.029314041137695,-22.184226512908936
gums,teeth,You should take care of your X and Y in order to have optimal dental hygiene.,-17.358061134815216,-8.369478332759172
hair,skin,The doctor recommended X and Y supplements to some of her patients.,-32.283350229263306,-30.78800356388092
hands,knees,Chris had to get on his X and Y to look for the button that fell off his shirt.,-10.737629960756749,-21.240318775177002
head,shoulders,The doctor looked at Ashley's X and Y because she said that both were bothering her.,-25.301671504974365,-28.230555713176727
head,tail,There were white spots on the X and Y of the tiny dog.,-21.430935263633728,-23.266238689422607
health,spirits,In order to improve their X and Y the couple decided to go for long daily walks.,-28.65624237060547,-29.844111800193787
hearing,sight,His grandma lost her X and Y so she needed to live in a nursing home.,-23.23494428396225,-21.512902200222015
heart,mind,It took a long time for Sarah's X and Y to recover after her husband died.,-14.856858279556036,-17.249375611543655
heir,son,The king's X and Y went missing after the battle.,-29.647207021713257,-23.399150371551514
help,understanding,She appreciated Claire's X and Y when it came to teaching John how to ride a bike.,-18.78912577033043,-20.27498197555542
history,identity,Jonathon was unsure about the X and Y of the statue he saw in the park.,-22.914016131311655,-23.394522350281477
honey,milk,Jack's mother gave him X and Y in order to calm him after a nightmare.,-20.418968223035336,-21.724963016808033
horses,wagons,"Instead of a car, they used X and Y to move their belongings to a new town.",-15.267636582721025,-17.130823254585266
houses,shops,"The town is pretty small, so the X and Y are really close to each other.",-18.461094111204147,-19.117153495550156
humility,pride,It is hard to have both X and Y when one is rich and famous.,-17.689395148307085,-17.518699884414673
husband,wife,Because the X and Y didn't love each other anymore they pondered going their separate ways.,-24.003121405956335,-27.46467760251835
husbands,wives,The counselor met with many X and Y throughout his long career.,-22.78304499387741,-25.36253786087036
ice,snow,All of the X and Y outside made Luis want to stay in all day.,-36.88420408964157,-37.342705607414246
ice,water,The kids went all over town to find X and Y since their air conditioner was broken.,-33.48928189277649,-31.18838632106781
Illinois,Missouri,Sam argues that X and Y are the best states to live in.,-27.375189661979675,-26.95467734336853
improvements,land,Timothy said that the hotel needed more X and Y to be able to make enough money.,-25.559850454330444,-20.75475114583969
inclination,time,Samuel had the X and Y to help his little brother with his homework.,-27.35103365778923,-19.50334297120571
influence,power,The employee used her X and Y in the company in order to get a raise.,-20.480406880378723,-16.139483332633972
influence,prestige,The doctor's X and Y made her popular with patients.,-30.448933362960815,-30.943596363067627
information,material,Fred lacked the X and Y to work on the project.,-24.854357302188873,-24.050105214118958
ink,paper,All you need is X and Y in order to write the next great novel.,-20.372049067169428,-20.864623460918665
iron,wood,The company purchased X and Y for their latest construction project.,-34.18235778808594,-32.596410512924194
jacket,trousers,Ted needed to iron his X and Y before his big meeting.,-23.213839292526245,-26.834877252578735
jams,jellies,Jake started making X and Y with all the fruit he was growing in his garden.,-19.616908133029938,-21.045151129364967
jaws,teeth,Teddy was surprised at how large the X and Y of the crocodiles he saw at the swamp were.,-21.82201796770096,-22.683896780014038
joy,pleasure,Tucking yourself into bed provides a great sense of X and Y at the end of a long day.,-24.53650975227356,-26.279259383678436
July,June,Max was planning to take off X and Y from work so he could travel through Asia.,-39.925596714019775,-38.65130591392517
kind,quantity,This was the X and Y of bread that he needed for the recipe.,-27.705335333943367,-26.59996870160103
knowledge,skills,"Although Cassie's X and Y were both strong, her exams were still difficult.",-28.710862398147583,-29.710078716278076
labor,money,The amount of X and Y required to keep the farm was not worth it to Mark.,-19.67287628352642,-19.003630071878433
land,sea,They had to travel across X and Y to get to their final destination.,-10.563880383968353,-13.786701023578644
landings,takeoffs,Christian enjoyed watching the X and Y of the planes at the airport.,-27.651434898376465,-15.040483227203367
law,order,There was a lack of X and Y that caused some chaos.,-23.37732895091176,-28.360228061676025
lecturer,writer,She was both a X and Y but wanted to be an actor instead.,-26.271855160593987,-24.058314114809036
left,right,You should look X and Y before crossing the street.,-20.353982001543045,-23.66915249824524
length,quality,She thought the X and Y of the boat would impress her friends.,-24.599355824291706,-26.706210047006607
length,weight,She took note of the X and Y of the bed before trying to bring it into the small room.,-20.009088471531868,-21.10701709985733
libraries,museums,The amount of time he spent in X and Y surpassed the amount of time he spent at home.,-26.47583532333374,-27.268743634223938
life,religion,Jenny talked about X and Y with her brother and sister.,-24.611709475517273,-24.439326524734497
light,shadow,It is important to consider both X and Y when creating a still life painting.,-20.88708558678627,-22.09793931245804
light,sound,The exhibit used X and Y to create an attention-grabbing experience.,-14.5759516954422,-16.81512838602066
location,size,The couple told the realtor that X and Y are the most important criteria for picking a house.,-25.890146017074585,-25.325666666030884
machinery,power,She didn't think they had enough X and Y to fulfill the large bulk order.,-26.90730196237564,-27.599205255508423
magazines,newspapers,Anna has written articles for many X and Y throughout her career as a journalist.,-11.191688358783722,-11.198155328631401
magic,superstition,He thinks X and Y are definitely not real.,-29.525350376963615,-28.37143224477768
mamma,papa,Antonio wants to spend a lot of time with his X and Y while they are in town.,-18.475867822766304,-16.708094492554665
man,nature,Harry wanted to talk about how X and Y interact in today's society.,-36.45842409133911,-36.630929708480835
man,wife,I learned that the X and Y got married after dating for 5 years.,-26.576950311660767,-33.46317267417908
man,woman,He noticed that both the X and Y had green sneakers on.,-23.01492553949356,-26.416093736886978
math,science,Ricky discovered that X and Y are his favorite subjects in school.,-24.87058311700821,-26.591622710227966
meaning,origin,Michael was confused about both the X and Y of the folk tale he had just heard.,-20.05317749455571,-20.424777641892433
men,officers,Nicole's history textbook listed an estimate of the number of X and Y who died during the civil war.,-21.76322829723358,-18.99605703353882
men,women,The guard instructed the X and Y to form an orderly line.,-19.451579093933105,-21.959507942199707
methods,principles,She didn't agree with the company's X and Y so she made her opinion known.,-25.553759545087814,-26.38254177570343
minerals,vitamins,The human body needs both X and Y in order to continue functioning properly.,-11.414334204047918,-8.97254890948534
misery,pain,The people experienced X and Y after they were shipwrecked for months.,-20.967644214630127,-20.141614079475403
money,time,The amount of X and Y required to fix up the old car made it quite the project.,-18.147069662809372,-16.58154785633087
months,years,"After many tiring X and Y, the author finally published their book.",-19.339159965515137,-22.21210205554962
moon,sun,Rebecca got a X and Y tattooed on her left arm.,-22.671782091259956,-22.975301891565323
morning,night,Kevin worked both X and Y shifts as an ER nurse.,-16.714733764529228,-17.00888955593109
mother,son,Jack spent more time with his X and Y than any other family member.,-16.125704884529114,-16.015721678733826
mouth,nostrils,"Evan took a look at the X and Y of his dog, and compared them to his own.",-23.2198735922575,-23.263468712568283
movements,positions,"After hurting her foot, certain X and Y caused her a lot of pain.",-24.822834372520447,-22.9521786570549
mr.,mrs.,The couple call each other X and Y Smith even though they aren't married.,-13.759242922067642,-14.608900904655457
muscles,nerves,Allison felt like her X and Y were on fire after running a marathon.,-17.441527128219604,-17.570703089237213
names,numbers,The host asked for both the X and Y of the people who wanted to make reservations.,-11.843882068991661,-14.22653979063034
nature,size,Sometimes it is hard to figure out the X and Y of a problem just from reading about it in the news.,-17.469958890229464,-17.448540561832488
needle,thread,He needed a X and Y to fix the hole in his shirt.,-15.98039436340332,-26.789093255996704
nights,weekends,Clare spent her X and Y working on new recipes for the cookbook she was writing.,-19.36754670739174,-22.380576372146606
nitrogen,oxygen,The atmosphere is composed of X and Y as well as other elements.,-11.082504600286484,-11.4637900441885
north,south,The family moved X and Y a couple of times before deciding on their current home.,-23.803259879350662,-24.126259952783585
north,west,The boat sailed X and Y to get to its destination.,-19.74969744682312,-21.306686282157898
nose,throat,Springtime allergies make my X and Y a lot more irritated than the rest of the year.,-18.588064312934875,-18.800318956375122
novelist,poet,Lydia is a successful X and Y and is praised for her writing style.,-24.749912977218628,-25.290880918502808
novels,stories,The famous author had published many X and Y over the past twenty years.,-13.085759848356247,-14.996389627456665
novels,tales,He had always loved X and Y so he majored in English in college.,-33.48282539844513,-34.52111804485321
pad,pencil,Antonio brought his X and Y to sketch the statues in the park.,-20.152229368686676,-23.183576345443726
pain,pressure,Jeremy felt X and Y in his chest that concerned him.,-20.8322576880455,-24.211759373545647
pain,shame,Todd felt X and Y when he talked about his divorce.,-28.813450574874878,-25.36189490556717
paper,pen,"Even though most people use computers, I prefer to use X and Y to take my notes in class.",-17.21811580657959,-16.39272520598024
peace,quiet,The students reserved a spot in the library for some X and Y to study for their upcoming exams.,-17.280930446460843,-26.247121572494507
pepper,salt,The food is in need of X and Y because it's rather bland.,-23.3893004655838,-18.247891902923584
piano,violin,Alex loved to play the X and Y so they took lessons for both instruments.,-22.30929458141327,-21.831430315971375
pitch,volume,Musicians pride themselves on being able to adjust X and Y in order to produce art.,-15.548204937949777,-17.290757125243545
place,time,Finding a X and Y for the meeting was very difficult due to the boss's busy schedule.,-18.376342058181763,-17.790400803089142
plans,projects,She had many X and Y in the works for her small business.,-17.681104063987732,-19.34886622428894
poetry,prose,The professor taught both X and Y in his Renaissance literature class.,-26.761114090681076,-25.3009712100029
politics,religion,The strangers wanted to avoid discussing X and Y to avoid starting an argument.,-21.17920246720314,-21.657722890377045
power,resources,The business had the X and Y to create a multi-million dollar company.,-17.1318226903677,-17.90149687230587
pressure,temperature,He learned about the relationship between X and Y in his science class.,-22.596800535917282,-22.26092055439949
prose,verse,They discussed differences between X and Y in her writing class.,-26.696107238531113,-35.48941349983215
radar,radio,The soldiers used X and Y to plan their next moves.,-24.866251945495605,-24.245247721672058
radio,television,Tania wanted to work in both X and Y and couldn't decide which she liked more.,-18.634720488858875,-19.215460085659288
research,training,The surgeon had to do a lot of X and Y before attempting the risky procedure.,-23.510899662971497,-23.25323498249054
rights,wrongs,She considered the X and Y of the situation before moving forward.,-12.905938122421503,-22.156977862119675
rock,roll,He said he was ready to X and Y after getting off of work.,-22.814334757626057,-33.122199296951294
sailors,soldiers,"The little boy thought X and Y were cool, so he liked to dress up as them for Halloween.",-26.21025037765503,-25.520685076713562
shoes,socks,"When it rains, your X and Y become more of a nuisance than something to protect your feet.",-23.116105675697327,-21.841789841651917
shower,tub,Lilly wanted to install a X and Y into her new bathroom.,-22.122347831726074,-22.679258227348328
sidewalks,streets,All of the X and Y were so busy that Mike decided not to leave his house.,-28.86098313331604,-26.51027536392212
sights,sounds,"While traveling, Kim wanted to experience the X and Y of the city she was visiting.",-9.82463413476944,-14.25979994237423
son,wife,Roman lives with his X and Y in an apartment downtown.,-15.060640454292297,-10.362221419811249
south,west,"The compass was broken, so it would only point to X and Y instead of all four directions.",-21.396136723458767,-22.64507481455803
spring,summer,Maddy said that X and Y are her favorite seasons.,-21.020727321505547,-23.728993892669678
stress,tension,"In order to get rid of X and Y after his exam, Zack went for a run.",-33.391289710998535,-34.7957569360733
sunrise,sunset,Andrew loved to be outside at X and Y during the summer months.,-17.109039962291718,-23.549362778663635
sympathy,understanding,Being a therapist requires a lot of X and Y because you often have to deal with people in rough patches.,-23.19566786289215,-26.373682260513306
teaching,writing,He has discovered that X and Y are what he wants to do for a career.,-25.385921478271484,-25.67618429660797
testament,will,Louis discussed his X and Y with his lawyer last week.,-35.93596911430359,-23.984784603118896
Thursday,Tuesday,Don's manager scheduled him for work on X and Y every week for the next month.,-22.809278070926666,-21.319101214408875
Tories,Whigs,Luke didn't know the difference between the X and Y so he asked his political science professor about them.,-26.001653343439102,-23.649741426110268
turns,twists,The movie had many different X and Y that left the audience on the edge of their seats.,-19.253031015396118,-12.371993027627468
vinegar,water,Nicole needed X and Y for the recipe she was trying out.,-28.59068274497986,-28.91292154788971
wisdom,wit,Clare believed she gained a lot of X and Y throughout her time in college.,-25.02142059803009,-23.916842758655548
